{"v":"4.8.0","meta":{"g":"LottieFiles AE 3.0.2","a":"","k":"","d":"","tc":""},"fr":29.9700012207031,"ip":0,"op":45.0000018328876,"w":500,"h":600,"nm":"philosophy-01-isolated","ddd":0,"assets":[],"layers":[{"ddd":0,"ind":1,"ty":4,"nm":"Layer 1 Outlines","sr":1,"ks":{"o":{"a":0,"k":100,"ix":11},"r":{"a":0,"k":0,"ix":10},"p":{"a":0,"k":[250,304,0],"ix":2},"a":{"a":0,"k":[250.25,300.25,0],"ix":1},"s":{"a":0,"k":[100,100,100],"ix":6}},"ao":0,"shapes":[{"ty":"gr","it":[{"ind":0,"ty":"sh","ix":1,"ks":{"a":0,"k":{"i":[[0,-43.717],[43.743,0],[0,43.717],[-43.742,0]],"o":[[0,43.717],[-43.742,0],[0,-43.717],[43.743,0]],"v":[[79.202,0],[-0.001,79.157],[-79.202,0],[-0.001,-79.157]],"c":true},"ix":2},"nm":"Path 1","mn":"ADBE Vector Shape - Group","hd":false},{"ty":"fl","c":{"a":0,"k":[0.937254961799,0.458823559331,0.247058838489,1],"ix":4},"o":{"a":0,"k":100,"ix":5},"r":1,"bm":0,"nm":"Fill 1","mn":"ADBE Vector Graphic - Fill","hd":false},{"ty":"tr","p":{"a":1,"k":[{"i":{"x":0.833,"y":0.833},"o":{"x":0.167,"y":0.167},"t":27,"s":[382.29,694.346],"to":[0,-41.214],"ti":[0,41.214]},{"t":38.0000015477717,"s":[382.29,447.063]}],"ix":2},"a":{"a":0,"k":[0,0],"ix":1},"s":{"a":0,"k":[100,100],"ix":3},"r":{"a":0,"k":0,"ix":6},"o":{"a":0,"k":100,"ix":7},"sk":{"a":0,"k":0,"ix":4},"sa":{"a":0,"k":0,"ix":5},"nm":"Transform"}],"nm":"Group 1","np":2,"cix":2,"bm":0,"ix":1,"mn":"ADBE Vector Group","hd":false},{"ty":"gr","it":[{"ind":0,"ty":"sh","ix":1,"ks":{"a":0,"k":{"i":[[0,0],[0,0],[0,0],[0,0.02],[-0.052,1.13],[2.251,0],[0,-83.287],[-83.336,0],[-2.2,0.095],[0,0]],"o":[[0,0],[0,0],[0,-0.019],[0,-1.143],[-2.227,-0.097],[-83.336,0],[0,83.287],[2.223,0],[0,0],[0,0]],"v":[[78.719,-56.933],[78.719,-147.183],[78.719,-147.183],[78.719,-147.241],[78.805,-150.649],[72.089,-150.805],[-78.805,0],[72.089,150.805],[78.719,150.645],[78.719,85.105]],"c":true},"ix":2},"nm":"Path 1","mn":"ADBE Vector Shape - Group","hd":false},{"ty":"fl","c":{"a":0,"k":[0.40000000596,0.639215707779,0.188235297799,1],"ix":4},"o":{"a":0,"k":100,"ix":5},"r":1,"bm":0,"nm":"Fill 1","mn":"ADBE Vector Graphic - Fill","hd":false},{"ty":"tr","p":{"a":1,"k":[{"i":{"x":0.833,"y":0.833},"o":{"x":0.167,"y":0.167},"t":13,"s":[83.054,-183.006],"to":[0,67.126],"ti":[0,-67.126]},{"t":22.0000008960784,"s":[83.054,219.751]}],"ix":2},"a":{"a":0,"k":[0,0],"ix":1},"s":{"a":0,"k":[100,100],"ix":3},"r":{"a":0,"k":0,"ix":6},"o":{"a":0,"k":100,"ix":7},"sk":{"a":0,"k":0,"ix":4},"sa":{"a":0,"k":0,"ix":5},"nm":"Transform"}],"nm":"Group 2","np":2,"cix":2,"bm":0,"ix":2,"mn":"ADBE Vector Group","hd":false},{"ty":"gr","it":[{"ind":0,"ty":"sh","ix":1,"ks":{"a":0,"k":{"i":[[0,0.019],[39.837,0],[1.782,-38.231],[0,-1.143],[0,-0.02],[0,0],[0,0],[-26.016,37.964],[0,31.577],[0,0],[0,0]],"o":[[0,-39.814],[-38.694,0],[-0.052,1.13],[0,0.019],[0,0],[0,0],[48.995,-2.119],[16.6,-24.223],[0,0],[0,0],[0,-0.02]],"v":[[72.132,-112.898],[0.001,-184.987],[-72.045,-116.306],[-72.131,-112.898],[-72.129,-112.84],[-72.131,119.448],[-72.131,184.987],[45.814,119.448],[72.132,34.343],[72.132,-112.84],[72.131,-112.84]],"c":true},"ix":2},"nm":"Path 1","mn":"ADBE Vector Shape - Group","hd":false},{"ty":"fl","c":{"a":0,"k":[0.474509833841,0.603921568627,0.666666666667,1],"ix":4},"o":{"a":0,"k":100,"ix":5},"r":1,"bm":0,"nm":"Fill 1","mn":"ADBE Vector Graphic - Fill","hd":false},{"ty":"tr","p":{"a":1,"k":[{"i":{"x":0.833,"y":0.833},"o":{"x":0.167,"y":0.167},"t":18,"s":[231.904,-216.73],"to":[0,66.927],"ti":[0,-66.927]},{"t":33.0000013441176,"s":[231.904,184.832]}],"ix":2},"a":{"a":0,"k":[0,0],"ix":1},"s":{"a":0,"k":[100,100],"ix":3},"r":{"a":0,"k":0,"ix":6},"o":{"a":0,"k":100,"ix":7},"sk":{"a":0,"k":0,"ix":4},"sa":{"a":0,"k":0,"ix":5},"nm":"Transform"}],"nm":"Group 3","np":2,"cix":2,"bm":0,"ix":3,"mn":"ADBE Vector Group","hd":false},{"ty":"gr","it":[{"ind":0,"ty":"sh","ix":1,"ks":{"a":0,"k":{"i":[[1.243,-26.678],[0,-1.143],[0,-0.019],[0,0],[0,0],[0,0]],"o":[[-0.053,1.13],[0,0.02],[0,0],[0,0],[0,0],[-22.552,11.398]],"v":[[-19.733,-51.14],[-19.82,-47.732],[-19.818,-47.674],[-19.82,112.09],[19.82,112.09],[19.82,-112.09]],"c":true},"ix":2},"nm":"Path 1","mn":"ADBE Vector Shape - Group","hd":false},{"ty":"fl","c":{"a":0,"k":[0,0.196078434587,0.286274522543,1],"ix":4},"o":{"a":0,"k":100,"ix":5},"r":1,"bm":0,"nm":"Fill 1","mn":"ADBE Vector Graphic - Fill","hd":false},{"ty":"tr","p":{"a":1,"k":[{"i":{"x":0.833,"y":0.833},"o":{"x":0.167,"y":0.167},"t":8,"s":[480.43,750.16],"to":[0,-44.375],"ti":[0,44.375]},{"t":22.0000008960784,"s":[480.43,483.909]}],"ix":2},"a":{"a":0,"k":[0,0],"ix":1},"s":{"a":0,"k":[100,100],"ix":3},"r":{"a":0,"k":0,"ix":6},"o":{"a":0,"k":100,"ix":7},"sk":{"a":0,"k":0,"ix":4},"sa":{"a":0,"k":0,"ix":5},"nm":"Transform"}],"nm":"Group 4","np":2,"cix":2,"bm":0,"ix":4,"mn":"ADBE Vector Group","hd":false},{"ty":"gr","it":[{"ind":0,"ty":"sh","ix":1,"ks":{"a":0,"k":{"i":[[26.69,0],[3.097,-66.464],[0,-1.988],[0,-0.034],[0,0],[0,0],[0,0],[0,0],[0,0]],"o":[[-67.269,0],[-0.091,1.965],[0,0.033],[0,0],[0,0],[0,0],[0,0],[0,0],[-20.332,-14.206]],"v":[[26.82,-213.599],[-98.432,-94.196],[-98.581,-88.27],[-98.578,-88.17],[-98.581,213.599],[58.943,213.599],[98.581,213.599],[98.581,-10.58],[98.581,-191.053]],"c":true},"ix":2},"nm":"Path 1","mn":"ADBE Vector Shape - Group","hd":false},{"ty":"fl","c":{"a":0,"k":[0.552941176471,0.803921628466,0.819607902976,1],"ix":4},"o":{"a":0,"k":100,"ix":5},"r":1,"bm":0,"nm":"Fill 1","mn":"ADBE Vector Graphic - Fill","hd":false},{"ty":"tr","p":{"a":1,"k":[{"i":{"x":0.833,"y":0.833},"o":{"x":0.167,"y":0.167},"t":5,"s":[401.668,852.333],"to":[0,-68.675],"ti":[0,68.675]},{"t":17.0000006924242,"s":[401.668,440.281]}],"ix":2},"a":{"a":0,"k":[0,0],"ix":1},"s":{"a":0,"k":[100,100],"ix":3},"r":{"a":0,"k":0,"ix":6},"o":{"a":0,"k":100,"ix":7},"sk":{"a":0,"k":0,"ix":4},"sa":{"a":0,"k":0,"ix":5},"nm":"Transform"}],"nm":"Group 5","np":2,"cix":2,"bm":0,"ix":5,"mn":"ADBE Vector Group","hd":false},{"ty":"gr","it":[{"ind":0,"ty":"sh","ix":1,"ks":{"a":0,"k":{"i":[[0,0],[0,0],[0,0],[0,0]],"o":[[0,0],[0,0],[0,0],[0,0]],"v":[[-72.908,118.801],[72.908,118.801],[72.908,-118.801],[-72.908,-118.801]],"c":true},"ix":2},"nm":"Path 1","mn":"ADBE Vector Shape - Group","hd":false},{"ty":"fl","c":{"a":0,"k":[0,0.196078434587,0.286274522543,1],"ix":4},"o":{"a":0,"k":100,"ix":5},"r":1,"bm":0,"nm":"Fill 1","mn":"ADBE Vector Graphic - Fill","hd":false},{"ty":"tr","p":{"a":1,"k":[{"i":{"x":0.833,"y":0.833},"o":{"x":0.167,"y":0.167},"t":0,"s":[229.128,-156.553],"to":[0,82.94],"ti":[0,-82.94]},{"t":13.0000005295009,"s":[229.128,341.088]}],"ix":2},"a":{"a":0,"k":[0,0],"ix":1},"s":{"a":0,"k":[100,100],"ix":3},"r":{"a":0,"k":0,"ix":6},"o":{"a":0,"k":100,"ix":7},"sk":{"a":0,"k":0,"ix":4},"sa":{"a":0,"k":0,"ix":5},"nm":"Transform"}],"nm":"Group 6","np":2,"cix":2,"bm":0,"ix":6,"mn":"ADBE Vector Group","hd":false}],"ip":0,"op":45.0000018328876,"st":0,"bm":0}],"markers":[]}